{
	"class_name" : "PinholeCameraParameters",
	"extrinsic" : 
	[
		0.11914004960149038,
		0.45901272683152694,
		-0.88040500066028737,
		0.0,
		0.99285992161239744,
		-0.04980783954050276,
		0.10838982967110719,
		0.0,
		0.0059012402745958342,
		-0.88703240962604823,
		-0.46166944845444124,
		0.0,
		-5.5625172041246342,
		9.5855247083640194,
		132.3052545627443,
		1.0
	],
	"intrinsic" : 
	{
		"height" : 1924,
		"intrinsic_matrix" : 
		[
			1666.2328768812602,
			0.0,
			0.0,
			0.0,
			1666.2328768812602,
			0.0,
			1465.5,
			961.5,
			1.0
		],
		"width" : 2932
	},
	"version_major" : 1,
	"version_minor" : 0
}