{
	"class_name" : "PinholeCameraParameters",
	"extrinsic" : 
	[
		0.99110955427755765,
		-0.019532472754341158,
		-0.13160673967484393,
		0.0,
		0.098227352258643319,
		-0.55976076828800969,
		0.82281180688774369,
		0.0,
		-0.089739838912255801,
		-0.82842402475647581,
		-0.55286562247826954,
		0.0,
		-7.1099392332448925,
		-14.201906505475208,
		236.30092255796853,
		1.0
	],
	"intrinsic" : 
	{
		"height" : 540,
		"intrinsic_matrix" : 
		[
			467.65371804359688,
			0.0,
			0.0,
			0.0,
			467.65371804359688,
			0.0,
			479.5,
			269.5,
			1.0
		],
		"width" : 960
	},
	"version_major" : 1,
	"version_minor" : 0
}